ID,Requisito,Estado,Porcentaje,Evidencia,Validacion_final
REV-01,"Autenticación, contraseñas protegidas y permisos por rol","Verificado","100","backend/controllers/authController.js; backend/test/workflows.test.js","Aprobada: auditoría y cierre; ver ENTREGABLE_2.md"
REV-02,"CRUD administrativo de usuarios","Verificado","100","backend/controllers/adminController.js; backend/test/workflows.test.js","Aprobada: auditoría y cierre; ver ENTREGABLE_2.md"
REV-03,"CRUD de clientes por recepción","Verificado","100","backend/controllers/recepcionController.js; backend/scripts/browser-check.js","Aprobada: auditoría y cierre; ver ENTREGABLE_2.md"
REV-04,"Gestión de planes por administrador","Verificado","100","backend/controllers/adminController.js; frontend/src/views/admin/Planes.jsx","Aprobada: auditoría y cierre; ver ENTREGABLE_2.md"
REV-05,"Consulta y verificación del estado de membresías por recepción","Verificado","100","backend/controllers/recepcionController.js; backend/test/workflows.test.js","Aprobada: auditoría y cierre; ver ENTREGABLE_2.md"
REV-06,"Registro y cobro de mensualidades por recepción","Verificado","100","backend/controllers/recepcionController.js; frontend/src/components/PaymentForm.jsx; backend/test/workflows.test.js","Aprobada: auditoría y cierre; ver ENTREGABLE_2.md"
REV-07,"Estados activo/inactivo/moroso y vencimientos automáticos","Verificado","100","backend/services/membershipService.js; backend/index.js; backend/test/workflows.test.js","Aprobada: auditoría y cierre; ver ENTREGABLE_2.md"
REV-08,"Creación de rutinas por entrenador","Verificado","100","backend/controllers/deportivoController.js; backend/test/workflows.test.js","Aprobada: auditoría y cierre; ver ENTREGABLE_2.md"
REV-09,"Asignación personalizada de rutinas","Verificado","100","backend/controllers/assignmentController.js; backend/test/workflows.test.js","Aprobada: auditoría y cierre; ver ENTREGABLE_2.md"
REV-10,"Seguimiento de rutinas por cliente y entrenador","Verificado","100","backend/controllers/assignmentController.js; backend/test/workflows.test.js; backend/test/delivery-demo.test.js","Aprobada: auditoría y cierre; ver ENTREGABLE_2.md"
REV-11,"Ejercicios, series, repeticiones, peso y descanso","Verificado","100","frontend/src/components/ExerciseEditor.jsx; backend/database/migrations/001_complete_workflows.sql","Aprobada: auditoría y cierre; ver ENTREGABLE_2.md"
REV-12,"Dashboard de ingresos, clientes activos y morosos","Verificado","100","backend/controllers/adminController.js; backend/scripts/browser-check.js","Aprobada: auditoría y cierre; ver ENTREGABLE_2.md"
REV-13,"Reportes PDF y Excel para administrador","Verificado","100","frontend/src/views/admin/Reportes.jsx; backend/scripts/browser-check.js","Aprobada: auditoría y cierre; ver ENTREGABLE_2.md"
REV-14,"Gestión de pagos desde panel administrativo","Verificado","100","frontend/src/views/admin/Pagos.jsx; frontend/src/App.jsx; frontend/src/components/PaymentForm.jsx","Aprobada: auditoría y cierre; ver ENTREGABLE_2.md"
